Sr.NO,Company,Industry,Profit Margin,Revenue Growth,Current Price,Current Ratio,ROA,Debt-to-Equity,ROE,Stock ticker,EV/Revenue,EV/EBITDA,Price-to-Book,PEG Ratio,Forward P/E,Market Cap
1,Apple Inc.,Consumer Electronics,26.58%,11.20%,174.72,1.038,19.88%,170.714,145.57%,AAPL,7.692,22.697,39.69105,1.9,26.634148,2.85E+12
2,Microsoft Corporation,Software—Infrastructure,38.50%,20.10%,303.68,2.247,15.25%,50.217,49.05%,MSFT,12.069,24.57,14.233889,1.87,28.249302,2.28E+12
3,Alphabet Inc.,Internet Content & Information,29.51%,32.40%,2830.43,2.928,14.49%,11.329,32.07%,GOOG,6.83,19.307,7.4476376,1.22,20.802807,1.87E+12
4,Alphabet Inc.,Internet Content & Information,29.51%,32.40%,2833.46,2.928,14.49%,11.329,32.07%,GOOGL,6.838,19.329,7.4556103,1.22,20.841927,1.87E+12
5,"Amazon.com, Inc.",Internet Retail,7.10%,9.40%,3295.47,1.136,4.19%,100.864,28.81%,AMZN,3.662,29.071,12.133496,1.93,45.236378,1.68E+12
7,"Tesla, Inc.",Auto Manufacturers,7.40%,56.80%,1010.64,1.385,5.54%,35.65,15.64%,TSLA,24.547,158.249,37.507515,2.52,115.369865,1.01E+12
8,NVIDIA Corporation,Semiconductors,33.81%,50.30%,276.92,7.145,15.93%,49.697,41.94%,NVDA,29.858,74.268,29.112701,1.71,53.151634,6.90E+11
9,"Meta Platforms, Inc.",Internet Content & Information,33.38%,19.90%,221.82,3.154,17.97%,11.574,31.10%,FB,4.586,9.884,4.6456394,1.13,15.588195,6.17E+11
10,UnitedHealth Group Incorporated,Healthcare Plans,5.52%,11.10%,513.03,0.72,6.79%,62.929,21.99%,UNH,1.754,20.243,6.876617,1.84,23.696537,4.83E+11
11,Visa Inc.,Credit Services,51.59%,24.10%,218.43,1.395,13.04%,57.8,35.58%,V,18.203,26.149,,,,
13,Johnson & Johnson,Drug Manufacturers—General,22.26%,10.40%,176.92,1.348,8.84%,46.946,30.41%,JNJ,4.467,12.836,6.6277065,2.13,17.044315,4.66E+11
14,Walmart Inc.,Discount Stores,2.39%,0.50%,143.45,0.928,6.52%,62.382,15.54%,WMT,0.743,11.625,4.8436656,2.73,21.346725,3.98E+11
15,Procter & Gamble Company (The),Household & Personal Products,18.52%,6.10%,152.83,0.672,9.51%,79.418,31.09%,PG,4.965,18.375,8.172727,3.98,24.029875,3.70E+11
17,Exxon Mobil Corporation,Oil & Gas Integrated,8.26%,79.40%,85.2,1.044,4.98%,30.184,13.89%,XOM,1.341,8.103,2.2461245,13.11,14.489795,3.63E+11
18,Mastercard Incorporated,Credit Services,46.00%,26.60%,349.02,1.288,18.01%,197.963,124.73%,MA,19.041,32.706,51.221012,1.73,33.145298,3.43E+11
19,"Home Depot, Inc. (The)",Home Improvement Retail,10.79%,9.80%,310.68,1.132,20.45%,4373.43,1240.31%,HD,3.191,18.343,314.13547,1.95,19.189623,3.24E+11
20,Chevron Corporation,Oil & Gas Integrated,10.04%,84.60%,169.31,,,27.316,11.65%,CVX,1.877,8.748,2.402276,-2.98,17.803364,3.26E+11
21,"Pfizer, Inc.",Drug Manufacturers—General,28.68%,134.40%,52.78,1.385,7.78%,52.496,27.75%,PFE,4.565,11.592,3.9125278,0.01,1.0677726,2.96E+11
22,AbbVie Inc.,Drug Manufacturers—General,20.54%,7.40%,161.33,,,594.66,86.59%,ABBV,5.808,11.55,21.047619,2.38,11.548318,2.85E+11
23,Eli Lilly and Company,Drug Manufacturers—General,21.52%,18.00%,289.02,1.302,11.11%,215.45,92.24%,LLY,8.955,25.742,33.7956,5.2,38.58745,2.76E+11
24,Coca-Cola Company (The),Beverages—Non-Alcoholic,23.31%,16.10%,61.53,1.516,7.83%,172.826,39.72%,KO,7.651,21.735,11.982472,2.72,25.320986,2.66E+11
25,Broadcom Inc.,Semiconductors,24.54%,14.50%,628.87,2.641,7.16%,161.163,27.56%,AVGO,9.65,17.99,10.404692,1.38,17.444384,2.60E+11
26,Walt Disney Company (The),Entertainment,2.96%,26.00%,139.14,1.083,1.08%,57.044,2.54%,DIS,5.03,39.415,2.8565562,1.07,27.498024,2.53E+11
27,Costco Wholesale Corporation,Discount Stores,2.54%,16.60%,555.71,1.015,7.64%,53.237,30.56%,COST,1.105,23.838,13.346864,4.42,39.80731,2.46E+11
28,"Pepsico, Inc.",Beverages—Non-Alcoholic,10.62%,11.60%,165.24,0.945,7.98%,258.017,55.41%,PEP,3.574,19.735,14.388715,2.85,24.516321,2.28E+11
29,"Cisco Systems, Inc.",Communication Equipment,22.44%,8.10%,54.97,1.618,9.20%,25.032,28.19%,CSCO,4.227,13.532,5.4285994,2.73,14.9375,2.32E+11
30,Thermo Fisher Scientific Inc,Diagnostics & Research,19.70%,1.40%,574.29,1.504,7.80%,85.097,20.48%,TMO,6.206,18.986,5.845964,2.23,26.42844,2.26E+11
31,Oracle Corporation,Software—Infrastructure,24.79%,5.70%,81.73,1.646,9.20%,0,,ORCL,6.288,14.141,,1.91,15.538023,2.18E+11
32,Accenture plc,Information Technology Services,11.53%,27.20%,327.71,1.223,12.46%,16.607,31.95%,ACN,4.198,24.983,10.177329,3.82,31.359808,2.07E+11
33,Verizon Communications Inc.,Telecom Services,16.42%,4.30%,51.28,0.974,6.52%,228.038,31.17%,VZ,2.918,7.787,2.755656,2.62,9.496296,2.15E+11
34,Salesforce.com Inc,Software—Application,6.96%,26.60%,211.03,1.061,0.83%,25.131,3.57%,CRM,8.395,61.594,3.6395779,5.29,44.80467,2.08E+11
35,Comcast Corporation,Entertainment,12.73%,18.70%,47.13,1.026,4.56%,104.661,15.31%,CMCSA,2.868,9.772,2.2481396,0.87,12.772358,2.15E+11
36,Intel Corporation,Semiconductors,25.14%,2.80%,51.83,2.102,8.59%,40.508,22.52%,INTC,2.584,6.028,2.3398495,3.18,14.008108,2.11E+11
37,Abbott Laboratories,Medical Devices,17.12%,23.40%,118.95,1.826,7.74%,53.112,21.86%,ABT,5.885,20.136,6.1106544,2.03,24.989494,2.10E+11
38,"Nike, Inc.",Footwear & Accessories,13.32%,1.00%,133.7,3.068,12.35%,85.252,48.26%,NKE,4.736,27.473,14.176652,2.89,27.738588,2.12E+11
39,Danaher Corporation,Diagnostics & Research,21.84%,20.50%,287.53,1.431,6.41%,51.513,14.94%,DHR,7.202,20.522,5.112644,1.46,28.356014,2.05E+11
40,Adobe Inc.,Software—Infrastructure,30.55%,20.00%,431.62,1.248,14.08%,31.581,34.37%,ADBE,15.908,38.165,13.8847065,2.62,26.56123,2.05E+11
42,"Merck & Company, Inc.",Drug Manufacturers—General,13.68%,20.40%,81.34,1.309,12.13%,73.728,26.04%,MRK,4.011,10.02,5.738676,0.87,11.297222,2.05E+11
43,"United Parcel Service, Inc.",Integrated Freight & Logistics,6.83%,9.20%,215.35,1.476,7.77%,212.383,73.03%,UPS,2.16,18.753,15.542004,1.07,17.79752,1.87E+11
44,McDonald's Corporation,Restaurants,32.49%,13.10%,241.58,1.778,11.59%,0,,MCD,9.105,18.009,,1.32,23.824457,1.81E+11
45,QUALCOMM Incorporated,Semiconductors,27.71%,30.00%,157.97,1.648,17.32%,138.975,106.74%,QCOM,4.817,13.615,17.861828,0.68,13.571305,1.77E+11
47,Union Pacific Corporation,Railroads,29.92%,11.50%,273.38,0.618,9.29%,222.357,41.92%,UNP,8.469,15.96,12.658239,1.52,24.022848,1.76E+11
48,Texas Instruments Incorporated,Semiconductors,42.35%,18.50%,184.9,5.327,25.62%,61.547,69.00%,TXN,8.474,15.672,14.051219,2.41,22.466587,1.71E+11
49,AT&T Inc.,Telecom Services,0.67%,-5.70%,23.84,0.701,3.72%,115.572,1.37%,T,2.263,7.409,1.0393687,2.17,7.426791,1.70E+11
51,"Netflix, Inc.",Entertainment,17.64%,16.30%,373.85,1.17,10.01%,117.578,39.39%,NFLX,9.511,40.687,10.813039,1.29,28.559969,1.66E+11
52,"NextEra Energy, Inc.",Utilities—Regulated Electric,14.40%,-8.70%,83.94,0.468,1.33%,123.733,3.87%,NEE,14.071,32.927,4.4940577,3.6,30.635036,1.65E+11
53,Linde plc,Specialty Chemicals,12.43%,14.10%,318.74,0.745,4.06%,31.265,8.33%,LIN,5.309,16.107,3.6859207,,30.885658,1.63E+11
54,Bristol-Myers Squibb Company,Drug Manufacturers—General,15.08%,8.30%,73.28,1.521,5.39%,126.634,18.99%,BMY,3.79,8.542,4.3710113,1.39,9.346938,1.63E+11
55,"T-Mobile US, Inc.",Telecom Services,3.77%,2.20%,124.29,0.889,3.07%,157.473,4.50%,TMUS,3.197,9.711,2.268728,1.15,38.36111,1.55E+11
56,Raytheon Technologies Corporati,Aerospace & Defense,5.20%,9.90%,102.43,1.23,2.51%,44.935,5.02%,RTX,2.538,14.698,2.1516647,0.94,20.527056,1.53E+11
57,"Lowe's Companies, Inc.",Home Improvement Retail,8.63%,2.70%,212.92,1.193,16.22%,0,657.83%,LOW,2.093,13.427,,1.3,16.505426,1.43E+11
58,"Advanced Micro Devices, Inc.",Semiconductors,19.24%,48.80%,119.67,2.024,21.33%,9.764,47.43%,AMD,8.085,32.765,20.324389,1.55,35.82934,1.45E+11
60,Philip Morris International Inc,Tobacco,29.25%,9.10%,93.45,0.998,20.24%,0,,PM,5.741,12.554,,1.44,14.533437,1.45E+11
61,Medtronic plc.,Medical Devices,14.79%,2.60%,108.46,2.913,4.59%,49.125,9.23%,MDT,4.958,16.428,2.8055563,1.63,17.607143,1.46E+11
62,CVS Health Corporation,Healthcare Plans,2.67%,10.00%,108.56,0.94,3.55%,105.414,10.56%,CVS,0.718,11.439,1.9299213,2.27,13.126964,1.43E+11
63,S&P Global Inc.,Financial Data & Stock Exchanges,36.45%,11.80%,413.47,2.309,20.55%,89.812,73.43%,SPGI,11.443,20.158,54.00601,3.61,28.261791,99646267392
64,ConocoPhillips,Oil & Gas E&P,17.32%,177.10%,107.5,1.335,10.44%,45.371,21.47%,COP,2.744,6.395,3.2140403,-7.27,13.782051,1.42E+11
65,"PayPal Holdings, Inc.",Credit Services,20.09%,13.20%,113.76,1.298,3.81%,43.902,24.30%,PYPL,8.994,42.578,6.0459185,2.02,21.586338,1.34E+11
66,Honeywell International Inc.,Conglomerates,15.80%,8.70%,197.79,1.288,7.39%,122.846,30.44%,HON,4.455,17.673,7.63167,2.27,22.025614,1.36E+11
67,Amgen Inc.,Drug Manufacturers—General,21.77%,4.40%,238.79,1.643,8.70%,457.332,58.50%,AMGN,6.068,12.738,16.419582,2.28,13.303063,1.35E+11
68,Deere & Company,Farm & Heavy Construction Machinery,13.57%,16.00%,436.45,2.192,6.36%,264.864,38.02%,DE,3.673,17.86,7.2950797,1.34,17.374601,1.34E+11
69,Intuit Inc.,Software—Application,20.28%,51.70%,459.35,2.099,12.80%,25.758,27.93%,INTU,16.899,60.327,12.894759,3.04,33.676685,1.30E+11
70,"Applied Materials, Inc.",Semiconductor Equipment & Materials,25.53%,30.60%,137.06,2.539,18.83%,46.975,51.59%,AMAT,5.936,17.892,9.98252,1.17,15.487004,1.22E+11
71,"Anthem, Inc.",Healthcare Plans,4.12%,15.00%,480.76,1.476,5.37%,66.276,15.84%,ANTM,0.755,11.545,3.2669647,1.31,16.780455,1.17E+11
72,Lockheed Martin Corporation,Aerospace & Defense,9.42%,4.10%,453.66,1.416,9.62%,119.555,74.31%,LMT,2.035,15.144,12.906401,3.22,17.262556,1.25E+11
73,"Caterpillar, Inc.",Farm & Heavy Construction Machinery,12.73%,22.80%,223.36,1.456,5.34%,228.802,40.72%,CAT,2.713,14.98,7.2503004,0.65,20.491743,1.21E+11
74,International Business Machines,Information Technology Services,6.40%,0.30%,131.35,0.836,3.74%,263.801,21.41%,IBM,2.348,11.165,5.299363,2.07,12.752427,1.18E+11
75,"ServiceNow, Inc.",Software—Application,3.99%,31.20%,561.87,1.131,1.75%,63.016,7.10%,NOW,21.577,175.75,31.638603,3.88,77.821335,1.12E+11
77,"Prologis, Inc.",REIT—Industrial,40.22%,10.20%,157.33,0.848,1.98%,47.759,5.89%,PLD,28.603,41.476,3.5853786,-11.62,68.10823,1.16E+11
79,"BlackRock, Inc.",Asset Management,30.97%,15.60%,741.04,1.427,2.73%,21.949,16.97%,BLK,7.583,18.433,3.0591655,1.8,17.539408,1.13E+11
80,Boeing Company (The),Aerospace & Defense,-6.75%,-3.30%,188.95,1.325,-0.22%,0,,BA,2.683,101.952,,-5.13,39.695377,1.11E+11
81,American Tower Corporation (REI,REIT—Specialty,27.45%,21.90%,240.69,0.773,4.35%,434.983,34.48%,AMT,19.03,30.07,20.256691,2.96,44.082417,1.10E+11
82,"Charter Communications, Inc.",Entertainment,8.40%,9.20%,558.26,0.286,4.60%,417.43,17.69%,CHTR,4.03,10.281,5.877349,0.77,17.852894,1.00E+11
83,General Electric Company,Specialty Industrial Machinery,-0.05%,-0.50%,94.02,1.796,0.45%,169.123,4.88%,GE,1.98,21.542,2.7554069,6.96,23.68262,1.03E+11
84,"Intuitive Surgical, Inc.",Medical Instruments & Supplies,29.85%,16.70%,286.87,5.083,9.21%,0.728,15.92%,ISRG,17.62,47.272,8.980122,4.15,51.50269,1.02E+11
85,Target Corporation,Discount Stores,6.56%,13.30%,218.61,0.967,10.20%,112.287,50.01%,TGT,0.982,9.091,7.6165423,1.19,16.338566,1.05E+11
86,Starbucks Corporation,Restaurants,14.47%,19.30%,87.45,0.813,10.48%,0,,SBUX,4.06,19.108,,,,
87,"Estee Lauder Companies, Inc. (T",Household & Personal Products,17.83%,23.30%,274.89,1.783,10.38%,114.934,53.24%,EL,8.138,35.074,16.303305,3.39,32.22626,98945835008
88,Stryker Corporation,Medical Devices,11.40%,11.30%,266,2.126,6.89%,92.093,13.99%,SYK,6.911,24.861,7.07748,2.29,26.15536,1.00E+11
89,"Altria Group, Inc.",Tobacco,13.16%,-2.60%,53.62,0.742,17.23%,0,271.20%,MO,5.593,9.712,,2.06,11.101449,98499395584
90,Booking Holdings Inc. Common St,Travel Services,4.15%,77.10%,2247.93,2.483,4.38%,208.007,7.31%,BKNG,10.916,49.575,16.647017,0.27,22.394201,92299550720
91,"Automatic Data Processing, Inc.",Staffing & Employment Services,17.48%,8.90%,219.04,1.041,4.13%,68.328,50.12%,ADP,5.671,21.742,17.27581,2.58,29.322624,92299952128
92,Chubb Limited,Insurance—Property & Casualty,21.84%,14.00%,217.78,0.342,2.54%,32.666,15.24%,CB,2.567,12.719,1.5819217,0.52,15.0712805,93806772224
93,Zoetis Inc.,Drug Manufacturers—Specialty & Generic,26.20%,8.90%,189.43,3.856,12.77%,149.472,48.91%,ZTS,12.371,29.996,19.165318,3.84,36.499035,89624256512
94,CME Group Inc.,Financial Data & Stock Exchanges,52.60%,2.80%,247.72,1.008,1.03%,14.81,8.98%,CME,18.054,28.089,3.255875,6.61,33.79536,89030320128
95,"Micron Technology, Inc.",Semiconductors,24.86%,33.20%,78.1,3.101,9.34%,16.561,17.16%,MU,2.795,5.523,1.9036708,0.45,6.7854037,87485276160
96,"Analog Devices, Inc.",Semiconductors,19.00%,53.30%,165.63,1.941,3.00%,18.736,5.56%,ADI,12.89,33.122,2.2902062,1.57,19.462984,87010574336
97,"Mondelez International, Inc.",Confectioners,15.70%,7.80%,61.52,0.733,4.73%,73.834,16.31%,MDLZ,3.873,17.739,3.0981517,2.62,19.845161,85818556416
99,3M Company,Conglomerates,16.76%,7.10%,150.46,1.705,10.95%,130.812,44.80%,MMM,3.318,11.595,5.9960947,2.37,14.509162,86703030272
100,Duke Energy Corporation (Holdin,Utilities—Regulated Electric,12.80%,3.40%,109.13,0.607,2.22%,128.981,5.60%,DUK,6.151,13.043,1.7725405,7.89,19.95064,83958398976
102,"Marsh & McLennan Companies, Inc",Insurance Brokers,15.86%,16.30%,166.11,1.242,8.81%,117.287,30.99%,MMC,4.437,15.993,8.625955,2.11,24.68202,83868106752
103,CSX Corporation,Railroads,30.26%,24.30%,36.92,1.718,8.04%,128.113,27.85%,CSX,8.2,14.985,6.220724,1.38,20.741571,81887813632
105,"HCA Healthcare, Inc.",Medical Care Facilities,11.33%,14.80%,260.08,1.377,12.03%,1866.301,474.39%,HCA,2.007,9.334,,0.93,13.90802,80890863616
106,Lam Research Corporation,Semiconductor Equipment & Materials,27.07%,35.50%,554.82,3.269,19.97%,85.83,75.89%,LRCX,6.388,19.325,13.423497,1.28,15.138335,78118109184
107,Cigna Corporation,Healthcare Plans,4.92%,8.20%,243.58,0.7,3.29%,73.536,17.63%,CI,0.624,10.478,1.7024637,1.04,10.845058,80729235456
108,Intercontinental Exchange Inc.,Financial Data & Stock Exchanges,43.82%,27.70%,135.26,1.006,1.53%,66.88,15.03%,ICE,12.733,20.967,3.5259767,2.3,24.37117,76206022656
109,Crown Castle International Corp,REIT—Specialty,17.29%,10.80%,177.58,0.619,3.25%,327.065,13.07%,CCI,16.202,28.43,9.012383,4.34,53.649548,76750610432
110,"Becton, Dickinson and Company",Medical Instruments & Supplies,10.33%,7.30%,265.67,1.334,3.90%,76.361,8.82%,BDX,4.479,16.073,3.1922667,2.23,19.420322,75727380480
111,"Freeport-McMoRan, Inc.",Copper,18.85%,37.10%,51.93,2.517,11.50%,42.439,25.74%,FCX,3.455,7.512,5.709103,0.48,14.628169,76257648640
112,"Gilead Sciences, Inc.",Drug Manufacturers—General,26.91%,12.80%,58.91,1.366,12.68%,128.946,37.85%,GILD,4.063,7.48,3.4434183,6.77,8.663235,73895526400
113,Southern Company (The),Utilities—Regulated Electric,10.35%,12.70%,70.93,0.821,2.04%,170.415,7.05%,SO,5.626,16.143,2.6202438,3.18,20.036724,75171610624
114,"Moderna, Inc.",Biotechnology,59.68%,3065.00%,165.92,1.348,37.20%,5.758,109.61%,MRNA,7.283,11.087,6.637331,0.54,6.268228,67272261632
115,"Regeneron Pharmaceuticals, Inc.",Biotechnology,50.25%,104.40%,680.03,3.564,26.25%,14.384,54.21%,REGN,3.922,6.828,4.1586456,0.67,14.223594,73132466176
116,"TJX Companies, Inc. (The)",Apparel Retail,5.85%,23.90%,61.29,1.287,7.80%,198.942,44.43%,TJX,2.137,20.727,11.358414,0.19,18.295523,73111617536
117,Norfolk Southern Corporation,Railroads,26.84%,13.80%,283.36,1.129,7.17%,103.449,20.23%,NSC,7.833,15.273,4.965391,1.39,20.622997,68954234880
118,Northrop Grumman Corporation,Aerospace & Defense,19.64%,-15.40%,458.18,1.304,10.76%,113.392,59.60%,NOC,2.404,9.816,6.3713093,2.48,18.26874,72089124864
119,"EOG Resources, Inc.",Oil & Gas E&P,18.02%,126.50%,124.51,2.109,6.98%,24.659,14.39%,EOG,3.397,7.156,3.3465033,0.15,12.602227,72849555456
120,Aon plc,Insurance Brokers,7.58%,13.30%,322.94,1.07,3.91%,412.571,32.71%,AON,6.08,31.815,32.368446,1.78,24.689602,71154016256
121,Edwards Lifesciences Corporatio,Medical Devices,28.73%,11.60%,112.37,3.081,12.60%,11.829,28.88%,EW,12.756,38.778,12.658556,3.7,43.554264,70156419072
122,General Dynamics Corporation,Aerospace & Defense,8.47%,-1.80%,244.36,1.43,5.40%,74.684,19.56%,GD,2.083,15.199,4.332547,2.15,19.62731,68230934528
123,Progressive Corporation (The),Insurance—Property & Casualty,7.03%,9.40%,116.67,0.34,4.09%,27.862,19.00%,PGR,1.4,14.004,3.7786632,-2.77,25.090322,68181946368
124,"Dominion Energy, Inc.",Utilities—Regulated Electric,19.32%,-11.90%,83.97,0.703,2.12%,152.622,9.64%,D,7.952,17.488,2.7740338,2.9,20.331718,68007972864
125,Ford Motor Company,Auto Manufacturers,13.16%,4.80%,16.47,1.201,2.52%,286.876,45.10%,F,1.285,10.8,1.798624,0.16,8.2763815,65818066944
126,Illinois Tool Works Inc.,Specialty Industrial Machinery,19.14%,7.50%,211.75,2.195,14.56%,216.175,88.11%,ITW,5.822,20.957,19.033709,2.1,23.294828,66464301056
127,Public Storage,REIT—Industrial,50.63%,22.80%,376,2.075,7.98%,63.882,19.33%,PSA,21.894,30.976,13.157434,2.41,41.003273,65933484032
128,"Fiserv, Inc.",Information Technology Services,8.23%,10.00%,100.51,1.049,2.09%,64.415,4.17%,FISV,5.886,16.612,2.0995133,1.04,15.534777,66359918592
129,Sherwin-Williams Company (The),Specialty Chemicals,10.00%,0.50%,245.21,0.83,8.60%,401.78,57.05%,SHW,4.998,28.606,23.843834,3.07,24.040197,64293081088
130,"Equinix, Inc.",REIT—Specialty,6.54%,11.20%,710.14,1.628,2.68%,142.514,4.05%,EQIX,13.302,31.363,6.050078,3.99,91.86805,63941857280
131,General Motors Company,Auto Manufacturers,7.89%,-10.50%,43.65,1.103,2.98%,168.039,17.22%,GM,1.283,9.645,1.2091414,0.64,6.3909225,63373688832
132,"Waste Management, Inc.",Waste Management,10.09%,20.80%,156.28,0.776,7.01%,181.865,24.41%,WM,4.715,16.558,9.114662,2.2,28.260397,65374425088
133,Vertex Pharmaceuticals Incorpor,Biotechnology,30.52%,29.00%,253.95,4.625,13.85%,9.2,24.64%,VRTX,7.058,18.163,6.826796,1.71,18.951492,64567296000
134,"Activision Blizzard, Inc",Electronic Gaming & Multimedia,29.21%,5.90%,79.6,5.561,8.98%,21.28,16.88%,ATVI,5.076,13.486,3.657248,1.33,20.947369,61999566848
135,Newmont Corporation,Gold,16.67%,-8.70%,78.95,2.67,5.78%,26.806,7.25%,NEM,4.111,8.306,2.7739713,,28.70909,62957490176
136,Colgate-Palmolive Company,Household & Personal Products,12.43%,1.80%,74.78,1.085,15.47%,808.857,225.68%,CL,4.121,16.365,106.67618,4.32,22.058996,63028248576
137,"Eaton Corporation, PLC",Specialty Industrial Machinery,10.92%,2.40%,154.18,1.041,4.68%,54.197,13.66%,ETN,3.489,20.292,3.8479583,1.23,20.778975,61456146432
138,Boston Scientific Corporation,Medical Devices,10.08%,10.30%,43.5,1.549,3.94%,57.478,7.22%,BSX,6.077,22.697,3.76493,1.18,23.262032,61987061760
139,Moody's Corporation,Financial Data & Stock Exchanges,35.20%,12.50%,330.51,1.523,13.63%,307.865,97.45%,MCO,13.02,25.216,25.283813,2.51,26.086031,61441810432
140,Pioneer Natural Resources Compa,Oil & Gas E&P,11.85%,176.30%,256.71,1.516,9.40%,34.308,12.31%,PXD,3.429,9.115,2.70204,0.18,12.867668,62671638528
141,Schlumberger N.V.,Oil & Gas Equipment & Services,8.20%,12.50%,43.68,1.222,4.12%,98.188,13.88%,SLB,2.932,15.042,4.5853453,0.73,26.797546,61266878464
142,Fidelity National Information S,Information Technology Services,3.01%,10.70%,97.45,0.74,0.97%,43.922,0.87%,FIS,5.444,19.178,1.2598903,1.16,13.186739,59340910592
143,FedEx Corporation,Integrated Freight & Logistics,5.49%,14.20%,226.56,1.494,5.91%,147.67,21.38%,FDX,1.903,14.535,2.4070375,0.73,9.841876,60031373312
144,Emerson Electric Company,Specialty Industrial Machinery,12.63%,8.50%,98.51,1.35,8.13%,72.891,25.34%,EMR,3.396,15.908,5.9386306,1.83,18.447565,58682310656
145,"MetLife, Inc.",Insurance—Life,7.82%,5.60%,71.29,0.969,0.64%,157.915,7.73%,MET,1.867,15.803,0.8719316,0.92,9.901389,59966296064
147,Marriott International,Lodging,16.38%,114.20%,171.52,0.497,3.48%,1163.943,81.43%,MAR,22.67,39.099,60.844273,0.25,32.2406,55861149696
148,Humana Inc.,Healthcare Plans,3.25%,8.70%,435.54,1.718,5.77%,76.778,16.68%,HUM,0.651,12.743,3.4429224,1.72,18.147501,55981699072
149,KLA Corporation,Semiconductor Equipment & Materials,36.52%,35.40%,366.44,2.435,16.97%,91.792,82.33%,KLAC,8.883,21.296,14.40239,1.04,17.252354,55560364032
150,"Fortinet, Inc.",Software—Infrastructure,17.74%,33.20%,332.73,1.803,7.85%,94.32,60.00%,FTNT,16.196,74.896,48.623413,4.9,72.175705,54401355776
151,Occidental Petroleum Corporatio,Oil & Gas E&P,-1.47%,65.30%,58.71,1.085,1.40%,176.321,0.41%,OXY,3.25,7.009,6.0184517,0.42,20.244827,54834024448
152,"Illumina, Inc.",Diagnostics & Research,21.19%,39.50%,341.72,2.682,3.93%,23.95,11.86%,ILMN,13.895,64.784,5.0646944,12.09,84.79404,53410836480
153,"Air Products and Chemicals, Inc",Specialty Chemicals,20.33%,22.50%,246.56,2.992,5.66%,58.574,15.41%,APD,6.712,18.852,4.0316567,2.22,20.98383,54658408448
154,"American International Group, I",Insurance—Diversified,11.80%,30.20%,64.48,0.743,0.84%,48.051,8.91%,AIG,1.382,5.287,0.83711994,0.41,12.029851,53537615872
155,Archer-Daniels-Midland Company,Farm Products,3.26%,34.50%,93.49,1.577,3.55%,44.843,12.64%,ADM,0.608,13.016,2.37882,1.41,19.558577,52302139392
156,DBA Sempra,Utilities—Diversified,9.55%,14.00%,162.46,0.355,2.32%,107.974,4.78%,SRE,5.708,15.983,2.1899307,3.65,19.20331,51879489536
157,Dollar General Corporation,Discount Stores,7.19%,3.90%,221.47,1.077,7.92%,227.684,37.11%,DG,1.921,16.64,8.290409,3.47,19.686222,51315929088
158,Ecolab Inc.,Specialty Chemicals,9.08%,10.00%,177.59,1.723,6.49%,90.913,17.58%,ECL,5.814,26.718,7.3399463,2.63,29.747068,50891431936
159,NXP Semiconductors N.V.,Semiconductors,14.98%,26.20%,190.46,1.373,7.05%,137.593,20.14%,NXPI,6.595,19.586,7.5286584,1.01,15.845258,50649600000
160,"Synopsys, Inc.",Software—Infrastructure,20.18%,30.90%,318.91,1.193,7.23%,10.771,17.66%,SNPS,10.352,40.841,9.218384,3.15,35.355873,48932913152
161,"L3Harris Technologies, Inc.",Aerospace & Defense,8.58%,-5.20%,257.85,1.536,4.73%,40.104,7.52%,LHX,2.695,13.142,2.6043878,,18.848684,50596614144
162,Centene Corporation,Healthcare Plans,1.14%,15.20%,85.59,1.106,3.13%,83.861,5.04%,CNC,0.481,11.032,1.8870295,1.47,15.704587,49942016000
163,"Roper Technologies, Inc.",Specialty Industrial Machinery,19.95%,13.20%,465.86,0.776,4.14%,70.514,8.92%,ROP,9.487,24.76,4.3325734,2.79,30.528177,49141239808
164,American Electric Power Company,Utilities—Regulated Electric,14.59%,13.70%,96.84,0.581,2.59%,168.289,11.05%,AEP,4.906,13.155,2.1889691,3.44,19.48491,48070406144
165,Cognizant Technology Solutions ,Information Technology Services,11.55%,14.20%,91.51,2.08,10.09%,13.802,18.72%,CTSH,2.382,13.168,4.1610584,1.61,20.245575,48622833664
166,The Kraft Heinz Company,Packaged Foods,8.76%,-1.80%,39.29,1.13,3.74%,47.922,4.65%,KHC,2.557,10.025,0.96247125,-5.44,14.882576,48092528640
167,Dow Inc.,Chemicals,11.32%,52.80%,64.7,1.594,7.40%,97.457,39.37%,DOW,1.143,5.853,2.911005,0.12,10.141066,47853023232
168,"O'Reilly Automotive, Inc.",Specialty Retail,15.85%,8.50%,703.36,0.762,14.30%,0,717.37%,ORLY,4.1,17.016,,1.93,22.880936,47391268864
169,"Autodesk, Inc.",Software—Application,31.31%,18.20%,212.14,0.809,5.96%,238.261,195.55%,ADSK,14.82,79.587,36.500347,1.92,31.06003,46665068544
170,Johnson Controls International ,Engineering & Construction,6.92%,7.40%,66.24,1.099,5.03%,48.6,9.37%,JCI,2.77,15.721,2.6732314,1.4,18.925714,46654951424
171,"Paychex, Inc.",Staffing & Employment Services,29.53%,12.70%,128.71,1.27,11.48%,28.627,42.57%,PAYX,11.153,25.848,14.884932,3.01,33.2584,46433034240
172,McKesson Corporation,Medical Distribution,0.55%,9.60%,310.48,0.98,2.69%,0,1401.75%,MCK,0.185,13.517,,0.93,14.093509,47404707840
173,"IDEXX Laboratories, Inc.",Diagnostics & Research,23.17%,11.10%,538.93,1.252,24.62%,149.425,112.62%,IDXX,13.83,42.896,60.60841,3.16,57.272053,45697814528
174,"DexCom, Inc.",Medical Devices,22.82%,29.80%,480.97,4.975,5.36%,88.175,29.12%,DXCM,21.057,109.228,21.818634,9.92,132.86464,46616576000
175,Marathon Petroleum Corporation,Oil & Gas Refining & Marketing,8.09%,96.70%,82.23,,,79.974,7.72%,MPC,0.551,9.184,1.8086044,0.89,19.485785,50619801600
176,Amphenol Corporation,Electronic Components,14.63%,24.80%,75.67,2.435,10.04%,79.179,26.71%,APH,4.543,19.271,7.6050253,2.5,28.340822,45252780032
177,"Cadence Design Systems, Inc.",Software—Application,23.30%,12.60%,158.84,1.701,11.64%,13.202,27.58%,CDNS,16.385,52.783,16.730566,3.28,44.617977,44021075968
178,"Prudential Financial, Inc.",Insurance—Life,12.45%,-11.00%,120.86,1.265,0.74%,54.392,11.81%,PRU,0.82,4.555,0.74004227,0.95,9.592063,45685080064
179,"The Travelers Companies, Inc.",Insurance—Property & Casualty,10.64%,6.40%,187.75,0.361,2.51%,25.602,12.92%,TRV,1.194,7.249,1.6220583,1.48,14.960159,46188187648
180,The Hershey Company,Confectioners,16.47%,6.40%,214.37,0.901,13.10%,194.981,59.37%,HSY,5.444,20.664,17.465374,3.01,28.506649,44161077248
181,"Chipotle Mexican Grill, Inc.",Restaurants,8.65%,22.00%,1556.37,1.581,8.21%,153.232,30.25%,CMG,5.241,36.482,18.962084,1.47,46.96349,43789090816
182,Exelon Corporation,Utilities—Diversified,4.81%,0.60%,45.51,0.94,2.48%,121.723,5.41%,EXC,2.284,7.767,1.3152798,-43.47,13.707831,44523249664
183,Microchip Technology Incorporat,Semiconductors,14.95%,30.00%,77.16,1.806,6.21%,136.19,17.36%,MCHP,7.326,17.114,7.5072975,1.08,15.714869,42813845504
184,TE Connectivity Ltd. New Switze,Electronic Components,16.07%,8.40%,132.24,1.695,8.37%,36.386,23.19%,TEL,3.234,13.778,4.066921,1.6,16.718079,43151630336
185,"Arista Networks, Inc.",Computer Hardware,28.30%,23.70%,138.4,5.064,10.86%,1.594,22.58%,ANET,14.171,43.418,11.012094,2.8,40.232555,42530316288
186,"IQVIA Holdings, Inc.",Diagnostics & Research,5.67%,21.70%,224.76,0.935,3.30%,215.011,13.12%,IQV,4.594,26.554,7.3686967,1.36,22.143843,42938150912
187,"Simon Property Group, Inc.",REIT—Retail,41.00%,22.20%,130.17,0.394,4.35%,589.32,69.60%,SPG,16.317,22.593,12.8221035,2.94,21.374384,42776334336
188,Cintas Corporation,Specialty Business Services,15.50%,9.40%,413.32,1.219,11.10%,73.585,32.17%,CTAS,5.959,25.308,12.024903,3.32,34.500835,42846404608
189,"Corteva, Inc.",Agricultural Inputs,10.67%,27.30%,59.79,1.812,1.39%,9.9,7.16%,CTVA,2.238,15.974,1.7648623,0.9,23.084944,43581468672
190,"Constellation Brands, Inc.",Beverages—Wineries & Distilleries,-0.61%,-4.80%,229.41,1.502,6.88%,90.09,-0.11%,STZ,5.8,15.463,3.8509057,2.73,19.343172,43014148096
191,Hilton Worldwide Holdings Inc.,Lodging,1.90%,93.00%,151.5,1.027,3.00%,0,,HLT,25.274,52.758,,0.25,35.232555,42226380800
193,Welltower Inc.,REIT—Healthcare Facilities,9.69%,19.60%,96.22,1.694,1.36%,78.371,2.61%,WELL,11.77,31.037,2.4836094,8.58,95.26733,41882161152
194,AFLAC Incorporated,Insurance—Life,18.77%,-7.60%,65.53,0.684,2.16%,32.579,12.84%,AFL,1.891,7.639,1.2945476,2.62,12.434535,43349929984
195,Sysco Corporation,Food Distribution,1.29%,41.20%,80.91,1.325,5.84%,944.606,57.83%,SYY,0.822,17.838,24.773424,0.44,19.218529,41479000064
196,Kroger Company (The),Grocery Stores,0.75%,7.20%,57,0.797,3.36%,218.165,10.45%,KR,0.377,9.22,4.41929,2.02,16.81416,41909592064
197,Monster Beverage Corporation,Beverages—Non-Alcoholic,28.76%,13.20%,78.7,4.702,16.99%,0.318,28.10%,MNST,9.186,26.481,6.668361,2.66,26.768705,41643237376
198,"Kinder Morgan, Inc.",Oil & Gas Midstream,11.46%,31.00%,19.07,0.461,3.96%,103.76,5.65%,KMI,4.661,10.872,1.4152133,1.71,18.514563,43239886848
199,Nucor Corporation,Steel,15.86%,109.30%,157.62,2.527,19.09%,41.688,42.23%,NUE,1.204,4.919,3.356116,0.14,9.427033,45047640064
200,"Republic Services, Inc.",Waste Management,11.43%,14.80%,131.5,0.708,5.46%,110.052,14.80%,RSG,4.457,15.06,4.7066827,3.12,28.401728,41697992704
201,"Agilent Technologies, Inc.",Diagnostics & Research,19.15%,11.90%,135.71,2.224,8.63%,54.017,23.58%,A,7.105,26.027,7.6104755,2.99,28.87447,40984555520
202,Devon Energy Corporation,Oil & Gas E&P,11.57%,214.10%,62.5,1.206,17.56%,74.782,20.44%,DVN,3.637,10.798,4.741314,0.56,11.950287,42312499200
203,"Walgreens Boots Alliance, Inc.",Pharmaceutical Retailers,4.76%,7.80%,47.12,0.831,2.65%,117.569,21.71%,WBA,0.619,14.787,1.7411869,3.7,9.239216,40709087232
204,HP Inc.,Computer Hardware,10.24%,9.30%,39.84,0.762,9.91%,0,,HPQ,0.71,6.836,,0.54,9.09589,43135565824
205,Kimberly-Clark Corporation,Household & Personal Products,9.33%,2.70%,120.28,0.825,10.05%,1237.856,229.64%,KMB,2.685,14.534,85.42613,-24.22,17.81926,40500318208
206,MSCI Inc,Financial Data & Stock Exchanges,35.53%,21.60%,490.31,1.817,14.13%,0,,MSCI,26.73,46.688,,3.07,43.97399,40424443904
207,"Williams Companies, Inc. (The)",Oil & Gas Midstream,10.21%,48.00%,33.88,0.584,3.32%,160.658,7.36%,WMB,5.798,13.591,3.6846116,10.42,26.468752,41165217792
208,"AutoZone, Inc.",Specialty Retail,15.08%,16.30%,2027.29,0.785,13.46%,0,,AZO,8.633,36.883,,1.41,17.356936,41831915520
209,"General Mills, Inc.",Packaged Foods,12.02%,6.50%,67.39,0.846,6.52%,122.245,22.72%,GIS,2.872,13.446,4.267891,3.89,17.191326,40650117120
210,Baker Hughes Company,Oil & Gas Equipment & Services,0.68%,0.90%,38.72,1.592,3.03%,39.704,1.66%,BKR,1.345,9.485,2.3519409,0.11,32,33685161984
211,Realty Income Corporation,REIT—Retail,17.27%,64.10%,67.95,0.428,1.87%,61.452,2.00%,O,26.005,30.909,2.0596526,9.68,39.277454,38443728896
212,Valero Energy Corporation,Oil & Gas Refining & Marketing,0.86%,124.90%,97.25,1.256,2.55%,76.323,6.53%,VLO,0.439,10.362,2.2750134,-4.15,16.235394,39759302656
213,Carrier Global Corporation,Building Products & Equipment,8.07%,11.70%,46.39,1.721,6.26%,145.94,24.88%,CARR,2.268,16.086,5.8264256,1.68,19.824787,40200880128
214,"DuPont de Nemours, Inc.",Specialty Chemicals,29.22%,17.70%,77.09,2.013,2.65%,40.603,4.64%,DD,2.378,9.432,1.4996595,1.25,15.605262,39940636672
215,Baxter International Inc.,Medical Instruments & Supplies,9.75%,8.50%,77.21,2.373,6.21%,73.057,14.06%,BAX,3.732,16.356,4.407718,2.18,17.627853,38658506752
216,"Digital Realty Trust, Inc.",REIT—Office,38.62%,0.90%,138.23,0.631,1.31%,81.943,9.44%,DLR,12.428,24.441,2.3718662,2.77,89.18065,39227875328
217,"Motorola Solutions, Inc.",Communication Equipment,15.46%,12.80%,232.4,1.381,10.67%,0,,MSI,6.059,21.468,,2.05,23.522266,39251660800
218,Allstate Corporation (The),Insurance—Property & Casualty,3.16%,18.70%,141.8,0.436,3.88%,33.601,18.64%,ALL,0.784,4.904,1.6494318,-1.81,13.352166,40650657792
219,Xcel Energy Inc.,Utilities—Regulated Electric,12.06%,9.00%,70.7,0.778,2.47%,163.635,10.85%,XEL,4.681,13.836,2.5093167,3.34,22.302837,38084390912
220,Global Payments Inc.,Specialty Business Services,11.38%,14.80%,136.19,1.151,2.26%,43.173,3.52%,GPN,6.227,15.568,1.5109558,0.88,14.201251,39515668480
221,Transdigm Group Incorporated,Aerospace & Defense,16.24%,7.80%,675.53,5.059,6.27%,0,,TDG,17.879,40.52,,1.56,31.985323,37322289152
222,Parker-Hannifin Corporation,Specialty Industrial Machinery,11.88%,12.10%,290.43,1.504,8.00%,96.395,22.87%,PH,2.951,13.719,4.395925,1.65,14.870967,37324611584
223,"Old Dominion Freight Line, Inc.",Trucking,19.68%,31.40%,313.76,2.981,18.93%,5.51,29.53%,ODFL,6.502,20.694,10.551875,1.39,30.491741,36085854208
224,Trane Technologies plc,Specialty Industrial Machinery,9.82%,6.40%,155.58,1.621,6.89%,74.62,21.42%,TT,3.524,21.68,5.706426,1.44,22.289398,36956475392
225,Phillips 66,Oil & Gas Refining & Marketing,1.18%,98.90%,83.85,1.148,0.72%,71.71,7.39%,PSX,0.465,23.894,2.0251667,-1.7,12.169811,36743237632
226,Electronic Arts Inc.,Electronic Gaming & Multimedia,12.27%,58.60%,127.32,1.315,5.71%,27.94,9.85%,EA,5.951,26.805,4.59722,0.73,16.908365,36007112704
227,"Dollar Tree, Inc.",Discount Stores,5.29%,3.90%,156.41,1.252,5.87%,134.864,19.38%,DLTR,1.568,15.199,4.8556437,1.7,20.938421,35185369088
228,ResMed Inc.,Medical Instruments & Supplies,14.92%,20.20%,240.33,2.541,12.87%,31.398,17.52%,RMD,10.57,32.974,11.572687,1.75,35.239002,35021611008
229,LyondellBasell Industries NV,Specialty Chemicals,12.15%,61.60%,107.69,1.69,12.81%,115.799,55.90%,LYB,0.945,5.067,3.044757,0.11,7.0802107,35837509632
230,SBA Communications Corporation,REIT—Specialty,13.09%,12.70%,328.99,0.682,5.20%,0,,SBAC,21.956,33.17,,0.8,82.660805,35787862016
231,Arthur J. Gallagher & Co.,Insurance Brokers,12.17%,16.50%,168.06,1.298,3.56%,68.386,13.82%,AJG,4.897,20.028,4.137065,2.53,28.150755,34835140608
232,"Yum! Brands, Inc.",Restaurants,23.92%,8.40%,119.62,1.083,22.60%,0,,YUM,6.993,20.01,,1.98,24.165659,35064569856
233,"Ameriprise Financial, Inc.",Asset Management,20.53%,18.00%,314.63,3.219,1.53%,67.564,47.78%,AMP,2.055,6.45,6.196553,0.57,12.769075,35203952640
234,"Align Technology, Inc.",Medical Devices,19.53%,23.60%,430.44,1.296,11.33%,2.834,22.52%,ALGN,9.805,35.819,9.651121,1.3,32.074516,33941530624
236,"AvalonBay Communities, Inc.",REIT—Residential,44.37%,2.60%,247.24,1.045,1.98%,73.709,9.41%,AVB,18.985,31.969,3.195058,17.38,63.07143,34549563392
237,Public Service Enterprise Group,Utilities—Diversified,-7.30%,-19.70%,68.31,0.841,2.03%,141.986,-4.43%,PEG,5.683,16.792,2.4470713,5.44,19.685879,34541907968
238,"T. Rowe Price Group, Inc.",Asset Management,40.18%,13.20%,148.92,1.569,20.19%,3.537,31.74%,TROW,4.134,8.037,4.0774307,1.26,11.155056,34132166656
239,Halliburton Company,Oil & Gas Equipment & Services,2.79%,29.70%,38.9,2.39,4.34%,180.941,7.60%,HAL,2.136,12.927,6.121165,0.4,22.882353,34820014080
240,eBay Inc.,Internet Retail,107.05%,10.80%,57.42,3.353,7.70%,85.034,28.45%,EBAY,3.011,10.106,3.3208025,1.31,12.70354,35945148416
241,"Verisk Analytics, Inc.",Consulting Services,23.78%,8.00%,208,0.507,8.90%,124.735,27.19%,VRSK,13.19,29.448,12.369172,4.32,34.782608,33521485824
