"Company","Industry","ROE","ROE_Rank"
"Lockheed Martin Corporation","Aerospace & Defense","74.31","1"
"Northrop Grumman Corporation","Aerospace & Defense","59.6","2"
"General Dynamics Corporation","Aerospace & Defense","19.56","3"
"Corteva, Inc.","Agricultural Inputs","7.16","1"
"TJX Companies, Inc. (The)","Apparel Retail","44.43","1"
"Ameriprise Financial, Inc.","Asset Management","47.78","1"
"T. Rowe Price Group, Inc.","Asset Management","31.74","2"
"BlackRock, Inc.","Asset Management","16.97","3"
"Ford Motor Company","Auto Manufacturers","45.1","1"
"General Motors Company","Auto Manufacturers","17.22","2"
"Tesla, Inc.","Auto Manufacturers","15.64","3"
"Pepsico, Inc.","Beverages—Non-Alcoholic","55.41","1"
"Coca-Cola Company (The)","Beverages—Non-Alcoholic","39.72","2"
"Monster Beverage Corporation","Beverages—Non-Alcoholic","28.1","3"
"Constellation Brands, Inc.","Beverages—Wineries & Distilleries","-0.11","1"
"Moderna, Inc.","Biotechnology","109.61","1"
"Regeneron Pharmaceuticals, Inc.","Biotechnology","54.21","2"
"Vertex Pharmaceuticals Incorpor","Biotechnology","24.64","3"
"Carrier Global Corporation","Building Products & Equipment","24.88","1"
"Dow Inc.","Chemicals","39.37","1"
"Cisco Systems, Inc.","Communication Equipment","28.19","1"
"Motorola Solutions, Inc.","Communication Equipment","0","2"
"Arista Networks, Inc.","Computer Hardware","22.58","1"
"HP Inc.","Computer Hardware","0","2"
"The Hershey Company","Confectioners","59.37","1"
"Mondelez International, Inc.","Confectioners","16.31","2"
"3M Company","Conglomerates","44.8","1"
"Honeywell International Inc.","Conglomerates","30.44","2"
"Verisk Analytics, Inc.","Consulting Services","27.19","1"
"Apple Inc.","Consumer Electronics","145.57","1"
"Freeport-McMoRan, Inc.","Copper","25.74","1"
"Mastercard Incorporated","Credit Services","124.73","1"
"Visa Inc.","Credit Services","35.58","2"
"PayPal Holdings, Inc.","Credit Services","24.3","3"
"IDEXX Laboratories, Inc.","Diagnostics & Research","112.62","1"
"Agilent Technologies, Inc.","Diagnostics & Research","23.58","2"
"Thermo Fisher Scientific Inc","Diagnostics & Research","20.48","3"
"Target Corporation","Discount Stores","50.01","1"
"Dollar General Corporation","Discount Stores","37.11","2"
"Costco Wholesale Corporation","Discount Stores","30.56","3"
"Eli Lilly and Company","Drug Manufacturers—General","92.24","1"
"AbbVie Inc.","Drug Manufacturers—General","86.59","2"
"Amgen Inc.","Drug Manufacturers—General","58.5","3"
"Zoetis Inc.","Drug Manufacturers—Specialty & Generic","48.91","1"
"Amphenol Corporation","Electronic Components","26.71","1"
"TE Connectivity Ltd. New Switze","Electronic Components","23.19","2"
"Activision Blizzard, Inc","Electronic Gaming & Multimedia","16.88","1"
"Electronic Arts Inc.","Electronic Gaming & Multimedia","9.85","2"
"Johnson Controls International ","Engineering & Construction","9.37","1"
"Netflix, Inc.","Entertainment","39.39","1"
"Charter Communications, Inc.","Entertainment","17.69","2"
"Comcast Corporation","Entertainment","15.31","3"
"Caterpillar, Inc.","Farm & Heavy Construction Machinery","40.72","1"
"Deere & Company","Farm & Heavy Construction Machinery","38.02","2"
"Archer-Daniels-Midland Company","Farm Products","12.64","1"
"Moody's Corporation","Financial Data & Stock Exchanges","97.45","1"
"S&P Global Inc.","Financial Data & Stock Exchanges","73.43","2"
"Intercontinental Exchange Inc.","Financial Data & Stock Exchanges","15.03","3"
"Sysco Corporation","Food Distribution","57.83","1"
"Nike, Inc.","Footwear & Accessories","48.26","1"
"Newmont Corporation","Gold","7.25","1"
"Kroger Company (The)","Grocery Stores","10.45","1"
"UnitedHealth Group Incorporated","Healthcare Plans","21.99","1"
"Cigna Corporation","Healthcare Plans","17.63","2"
"Humana Inc.","Healthcare Plans","16.68","3"
"Home Depot, Inc. (The)","Home Improvement Retail","1240.31","1"
"Lowe's Companies, Inc.","Home Improvement Retail","657.83","2"
"Kimberly-Clark Corporation","Household & Personal Products","229.64","1"
"Colgate-Palmolive Company","Household & Personal Products","225.68","2"
"Estee Lauder Companies, Inc. (T","Household & Personal Products","53.24","3"
"Company","Industry","0","1"
"Accenture plc","Information Technology Services","31.95","1"
"International Business Machines","Information Technology Services","21.41","2"
"Cognizant Technology Solutions ","Information Technology Services","18.72","3"
"Aon plc","Insurance Brokers","32.71","1"
"Marsh & McLennan Companies, Inc","Insurance Brokers","30.99","2"
"Arthur J. Gallagher & Co.","Insurance Brokers","13.82","3"
"American International Group, I","Insurance—Diversified","8.91","1"
"AFLAC Incorporated","Insurance—Life","12.84","1"
"Prudential Financial, Inc.","Insurance—Life","11.81","2"
"MetLife, Inc.","Insurance—Life","7.73","3"
"Progressive Corporation (The)","Insurance—Property & Casualty","19","1"
"Allstate Corporation (The)","Insurance—Property & Casualty","18.64","2"
"Chubb Limited","Insurance—Property & Casualty","15.24","3"
"United Parcel Service, Inc.","Integrated Freight & Logistics","73.03","1"
"FedEx Corporation","Integrated Freight & Logistics","21.38","2"
"Alphabet Inc.","Internet Content & Information","32.07","1"
"Alphabet Inc.","Internet Content & Information","32.07","1"
"Meta Platforms, Inc.","Internet Content & Information","31.1","3"
"Amazon.com, Inc.","Internet Retail","28.81","1"
"eBay Inc.","Internet Retail","28.45","2"
"Marriott International","Lodging","81.43","1"
"Hilton Worldwide Holdings Inc.","Lodging","0","2"
"HCA Healthcare, Inc.","Medical Care Facilities","474.39","1"
"DexCom, Inc.","Medical Devices","29.12","1"
"Edwards Lifesciences Corporatio","Medical Devices","28.88","2"
"Align Technology, Inc.","Medical Devices","22.52","3"
"McKesson Corporation","Medical Distribution","1401.75","1"
"ResMed Inc.","Medical Instruments & Supplies","17.52","1"
"Intuitive Surgical, Inc.","Medical Instruments & Supplies","15.92","2"
"Baxter International Inc.","Medical Instruments & Supplies","14.06","3"
"ConocoPhillips","Oil & Gas E&P","21.47","1"
"Devon Energy Corporation","Oil & Gas E&P","20.44","2"
"EOG Resources, Inc.","Oil & Gas E&P","14.39","3"
"Schlumberger N.V.","Oil & Gas Equipment & Services","13.88","1"
"Halliburton Company","Oil & Gas Equipment & Services","7.6","2"
"Baker Hughes Company","Oil & Gas Equipment & Services","1.66","3"
"Exxon Mobil Corporation","Oil & Gas Integrated","13.89","1"
"Chevron Corporation","Oil & Gas Integrated","11.65","2"
"Williams Companies, Inc. (The)","Oil & Gas Midstream","7.36","1"
"Kinder Morgan, Inc.","Oil & Gas Midstream","5.65","2"
"Marathon Petroleum Corporation","Oil & Gas Refining & Marketing","7.72","1"
"Phillips 66","Oil & Gas Refining & Marketing","7.39","2"
"Valero Energy Corporation","Oil & Gas Refining & Marketing","6.53","3"
"General Mills, Inc.","Packaged Foods","22.72","1"
"The Kraft Heinz Company","Packaged Foods","4.65","2"
"Walgreens Boots Alliance, Inc.","Pharmaceutical Retailers","21.71","1"
"Welltower Inc.","REIT—Healthcare Facilities","2.61","1"
"Public Storage","REIT—Industrial","19.33","1"
"Prologis, Inc.","REIT—Industrial","5.89","2"
"Digital Realty Trust, Inc.","REIT—Office","9.44","1"
"AvalonBay Communities, Inc.","REIT—Residential","9.41","1"
"Simon Property Group, Inc.","REIT—Retail","69.6","1"
"Realty Income Corporation","REIT—Retail","2","2"
"American Tower Corporation (REI","REIT—Specialty","34.48","1"
"Crown Castle International Corp","REIT—Specialty","13.07","2"
"Equinix, Inc.","REIT—Specialty","4.05","3"
"Union Pacific Corporation","Railroads","41.92","1"
"CSX Corporation","Railroads","27.85","2"
"Norfolk Southern Corporation","Railroads","20.23","3"
"Chipotle Mexican Grill, Inc.","Restaurants","30.25","1"
"McDonald's Corporation","Restaurants","0","2"
"Starbucks Corporation","Restaurants","0","2"
"Yum! Brands, Inc.","Restaurants","0","2"
"KLA Corporation","Semiconductor Equipment & Materials","82.33","1"
"Lam Research Corporation","Semiconductor Equipment & Materials","75.89","2"
"Applied Materials, Inc.","Semiconductor Equipment & Materials","51.59","3"
"QUALCOMM Incorporated","Semiconductors","106.74","1"
"Texas Instruments Incorporated","Semiconductors","69","2"
"Advanced Micro Devices, Inc.","Semiconductors","47.43","3"
"Autodesk, Inc.","Software—Application","195.55","1"
"Intuit Inc.","Software—Application","27.93","2"
"Cadence Design Systems, Inc.","Software—Application","27.58","3"
"Fortinet, Inc.","Software—Infrastructure","60","1"
"Microsoft Corporation","Software—Infrastructure","49.05","2"
"Adobe Inc.","Software—Infrastructure","34.37","3"
"Cintas Corporation","Specialty Business Services","32.17","1"
"Global Payments Inc.","Specialty Business Services","3.52","2"
"Sherwin-Williams Company (The)","Specialty Chemicals","57.05","1"
"LyondellBasell Industries NV","Specialty Chemicals","55.9","2"
"Ecolab Inc.","Specialty Chemicals","17.58","3"
"Illinois Tool Works Inc.","Specialty Industrial Machinery","88.11","1"
"Emerson Electric Company","Specialty Industrial Machinery","25.34","2"
"Parker-Hannifin Corporation","Specialty Industrial Machinery","22.87","3"
"O'Reilly Automotive, Inc.","Specialty Retail","717.37","1"
"AutoZone, Inc.","Specialty Retail","0","2"
"Automatic Data Processing, Inc.","Staffing & Employment Services","50.12","1"
"Paychex, Inc.","Staffing & Employment Services","42.57","2"
"Nucor Corporation","Steel","42.23","1"
"Verizon Communications Inc.","Telecom Services","31.17","1"
"T-Mobile US, Inc.","Telecom Services","4.5","2"
"AT&T Inc.","Telecom Services","1.37","3"
"Altria Group, Inc.","Tobacco","271.2","1"
"Philip Morris International Inc","Tobacco","0","2"
"Booking Holdings Inc. Common St","Travel Services","7.31","1"
"Old Dominion Freight Line, Inc.","Trucking","29.53","1"
"Exelon Corporation","Utilities—Diversified","5.41","1"
"DBA Sempra","Utilities—Diversified","4.78","2"
"Public Service Enterprise Group","Utilities—Diversified","-4.43","3"
"American Electric Power Company","Utilities—Regulated Electric","11.05","1"
"Xcel Energy Inc.","Utilities—Regulated Electric","10.85","2"
"Dominion Energy, Inc.","Utilities—Regulated Electric","9.64","3"
"Waste Management, Inc.","Waste Management","24.41","1"
"Republic Services, Inc.","Waste Management","14.8","2"
